<types><settings></settings><groups><group><ID>180</ID><post_content/><post_title>Testimonials settings</post_title><post_excerpt/><post_type>wp-types-group</post_type><post_status>publish</post_status><meta><_wp_types_group_filters_association>any</_wp_types_group_filters_association><_wp_types_group_fields>,author-description,quote,quote-image,</_wp_types_group_fields><_wp_types_group_post_types>,testimonials,</_wp_types_group_post_types><_wp_types_group_terms>all</_wp_types_group_terms><_wp_types_group_admin_styles/><_wp_types_group_templates>all</_wp_types_group_templates><_wpcf_conditional_display><custom_use>0</custom_use><relation>AND</relation><custom/></_wpcf_conditional_display></meta><hash>fef7857414475689dad36a416b44a402</hash><checksum>fef7857414475689dad36a416b44a402</checksum><__types_id>testimonials-settings</__types_id><__types_title>Testimonials settings</__types_title></group><group><ID>173</ID><post_content/><post_title>Slider button 2</post_title><post_excerpt/><post_type>wp-types-group</post_type><post_status>publish</post_status><meta><_wp_types_group_filters_association>any</_wp_types_group_filters_association><_wp_types_group_fields>,button-name2,button-url2,button-icon2,</_wp_types_group_fields><_wp_types_group_post_types>,slider,</_wp_types_group_post_types><_wp_types_group_terms>all</_wp_types_group_terms><_wp_types_group_admin_styles/><_wp_types_group_templates>all</_wp_types_group_templates><_wpcf_conditional_display><custom_use>0</custom_use><relation>AND</relation><custom/></_wpcf_conditional_display></meta><hash>ff360298c4e5344eb14741d53f0f6280</hash><checksum>ff360298c4e5344eb14741d53f0f6280</checksum><__types_id>slider-button-2</__types_id><__types_title>Slider button 2</__types_title></group><group><ID>172</ID><post_content/><post_title>Slider button 1</post_title><post_excerpt/><post_type>wp-types-group</post_type><post_status>publish</post_status><meta><_wp_types_group_filters_association>any</_wp_types_group_filters_association><_wp_types_group_fields>,button-name,button-url,button-icon,</_wp_types_group_fields><_wp_types_group_post_types>,slider,</_wp_types_group_post_types><_wp_types_group_terms>all</_wp_types_group_terms><_wp_types_group_admin_styles/><_wp_types_group_templates>all</_wp_types_group_templates><_wpcf_conditional_display><custom_use>0</custom_use><relation>AND</relation><custom/></_wpcf_conditional_display></meta><hash>57a6f3ca5515b4fb8e0a893bf3bb10a3</hash><checksum>57a6f3ca5515b4fb8e0a893bf3bb10a3</checksum><__types_id>slider-button-1</__types_id><__types_title>Slider button 1</__types_title></group><group><ID>4</ID><post_content>This settings are out of date</post_content><post_title>Contact settings</post_title><post_excerpt/><post_type>wp-types-group</post_type><post_status>draft</post_status><meta><_wp_types_group_filters_association>all</_wp_types_group_filters_association><_wp_types_group_post_types>,page,</_wp_types_group_post_types><_wp_types_group_terms>all</_wp_types_group_terms><_wp_types_group_admin_styles/><_wp_types_group_templates>,template-contact.php,</_wp_types_group_templates><_wpcf_conditional_display><custom_use>0</custom_use><relation>AND</relation><custom/></_wpcf_conditional_display></meta><hash>85e9fd87192bfb9d85b3861a0e035b8b</hash><checksum>85e9fd87192bfb9d85b3861a0e035b8b</checksum><__types_id>contact-settings</__types_id><__types_title>Contact settings</__types_title></group><group><ID>5</ID><post_content/><post_title>Page button</post_title><post_excerpt/><post_type>wp-types-group</post_type><post_status>publish</post_status><meta><_wp_types_group_filters_association>all</_wp_types_group_filters_association><_wp_types_group_fields>,button-name,button-url,button-icon,button-tone,</_wp_types_group_fields><_wp_types_group_post_types>,page,</_wp_types_group_post_types><_wp_types_group_terms>all</_wp_types_group_terms><_wp_types_group_admin_styles/><_wp_types_group_templates>,default,template-contact.php,</_wp_types_group_templates><_wpcf_conditional_display><custom_use>0</custom_use><relation>AND</relation><custom/></_wpcf_conditional_display></meta><hash>8c84f7f5e42b18bb6d183dbdaa1219ca</hash><checksum>8c84f7f5e42b18bb6d183dbdaa1219ca</checksum><__types_id>page-button</__types_id><__types_title>Page button</__types_title></group><group><ID>6</ID><post_content/><post_title>Page settings</post_title><post_excerpt/><post_type>wp-types-group</post_type><post_status>publish</post_status><meta><_wp_types_group_filters_association>all</_wp_types_group_filters_association><_wp_types_group_fields>,subtitle,title-layout,title-color,background-color,background-image,background-image-parallax,page-padding,comments,read-more,google-maps-image,google-maps-url,google-maps-height,</_wp_types_group_fields><_wp_types_group_post_types>,page,</_wp_types_group_post_types><_wp_types_group_terms>all</_wp_types_group_terms><_wp_types_group_admin_styles/><_wp_types_group_templates>all</_wp_types_group_templates><_wpcf_conditional_display><custom_use>0</custom_use><relation>AND</relation><custom/></_wpcf_conditional_display></meta><hash>60891aa8c17493a6934f4bc5b32f8b04</hash><checksum>60891aa8c17493a6934f4bc5b32f8b04</checksum><__types_id>page-settings</__types_id><__types_title>Page settings</__types_title></group><group><ID>7</ID><post_content/><post_title>Partners settings</post_title><post_excerpt/><post_type>wp-types-group</post_type><post_status>publish</post_status><meta><_wp_types_group_filters_association>any</_wp_types_group_filters_association><_wp_types_group_fields>,background-image,url,</_wp_types_group_fields><_wp_types_group_post_types>,partners,</_wp_types_group_post_types><_wp_types_group_terms>all</_wp_types_group_terms><_wp_types_group_admin_styles/><_wp_types_group_templates>all</_wp_types_group_templates><_wpcf_conditional_display><custom_use>0</custom_use><relation>AND</relation><custom/></_wpcf_conditional_display></meta><hash>9a26acd4a44db3aa69774addf9059909</hash><checksum>9a26acd4a44db3aa69774addf9059909</checksum><__types_id>partners-settings</__types_id><__types_title>Partners settings</__types_title></group><group><ID>8</ID><post_content/><post_title>Portfolio settings</post_title><post_excerpt/><post_type>wp-types-group</post_type><post_status>publish</post_status><meta><_wp_types_group_filters_association>any</_wp_types_group_filters_association><_wp_types_group_fields>,caption,background-image,url,</_wp_types_group_fields><_wp_types_group_post_types>,portfolio-item,</_wp_types_group_post_types><_wp_types_group_terms>all</_wp_types_group_terms><_wp_types_group_admin_styles/><_wp_types_group_templates>all</_wp_types_group_templates><_wpcf_conditional_display><custom_use>0</custom_use><relation>AND</relation><custom/></_wpcf_conditional_display></meta><hash>dc8e64c012569cc37ad0303507d9510f</hash><checksum>dc8e64c012569cc37ad0303507d9510f</checksum><__types_id>portfolio-settings</__types_id><__types_title>Portfolio settings</__types_title></group><group><ID>9</ID><post_content/><post_title>Service settings</post_title><post_excerpt/><post_type>wp-types-group</post_type><post_status>publish</post_status><meta><_wp_types_group_filters_association>any</_wp_types_group_filters_association><_wp_types_group_fields>,icon,url,</_wp_types_group_fields><_wp_types_group_post_types>,services,</_wp_types_group_post_types><_wp_types_group_terms>all</_wp_types_group_terms><_wp_types_group_admin_styles/><_wp_types_group_templates>all</_wp_types_group_templates><_wpcf_conditional_display><custom_use>0</custom_use><relation>AND</relation><custom/></_wpcf_conditional_display></meta><hash>ae18c62f48b0b43eceef61f2c9244b72</hash><checksum>ae18c62f48b0b43eceef61f2c9244b72</checksum><__types_id>service-settings</__types_id><__types_title>Service settings</__types_title></group><group><ID>10</ID><post_content>This settings are out of date</post_content><post_title>Slider other settings</post_title><post_excerpt/><post_type>wp-types-group</post_type><post_status>draft</post_status><meta><_wp_types_group_filters_association>any</_wp_types_group_filters_association><_wp_types_group_post_types>,slider,</_wp_types_group_post_types><_wp_types_group_terms>all</_wp_types_group_terms><_wp_types_group_admin_styles/><_wp_types_group_templates>all</_wp_types_group_templates><_wpcf_conditional_display><custom_use>0</custom_use><relation>AND</relation><custom/></_wpcf_conditional_display></meta><hash>85d2c9e7ad45b8e0a2b4110ccb6fa656</hash><checksum>85d2c9e7ad45b8e0a2b4110ccb6fa656</checksum><__types_id>slider-other-settings</__types_id><__types_title>Slider other settings</__types_title></group><group><ID>12</ID><post_content/><post_title>Slide settings</post_title><post_excerpt/><post_type>wp-types-group</post_type><post_status>publish</post_status><meta><_wp_types_group_filters_association>any</_wp_types_group_filters_association><_wp_types_group_fields>,background-image,caption,caption2,background-color,background-shadow,background-texture,caption-background,text-horizontal,text-vertical,</_wp_types_group_fields><_wp_types_group_post_types>,slider,</_wp_types_group_post_types><_wp_types_group_terms>all</_wp_types_group_terms><_wp_types_group_admin_styles/><_wp_types_group_templates>all</_wp_types_group_templates><_wpcf_conditional_display><custom_use>0</custom_use><relation>AND</relation><custom/></_wpcf_conditional_display></meta><hash>8c202bcf1943dc2e6d04320674b41b1e</hash><checksum>8c202bcf1943dc2e6d04320674b41b1e</checksum><__types_id>slide-settings</__types_id><__types_title>Slide settings</__types_title></group><group><ID>13</ID><post_content/><post_title>Gallery</post_title><post_excerpt/><post_type>wp-types-group</post_type><post_status>publish</post_status><meta><_wp_types_group_filters_association>any</_wp_types_group_filters_association><_wp_types_group_fields>,image,</_wp_types_group_fields><_wp_types_group_post_types>,post,</_wp_types_group_post_types><_wp_types_group_terms>all</_wp_types_group_terms><_wp_types_group_admin_styles/><_wp_types_group_templates>all</_wp_types_group_templates><_wpcf_conditional_display><custom_use>0</custom_use><relation>AND</relation><custom/></_wpcf_conditional_display></meta><hash>80f252d0416321112ea3d1903bf7c01e</hash><checksum>80f252d0416321112ea3d1903bf7c01e</checksum><__types_id>gallery</__types_id><__types_title>Gallery</__types_title></group></groups><fields><field><id>background-image</id><slug>background-image</slug><type>image</type><name>Background Image</name><description/><data><placeholder/><repetitive>0</repetitive><conditional_display><custom_use>0</custom_use><relation>AND</relation><custom/></conditional_display><disabled_by_type>0</disabled_by_type></data><meta_key>wpcf-background-image</meta_key><meta_type>postmeta</meta_type><__types_id>background-image</__types_id><__types_title>Background Image</__types_title><hash>04202909d598542e74e231a9d52d3733</hash><checksum>04202909d598542e74e231a9d52d3733</checksum></field><field><id>caption</id><slug>caption</slug><type>textarea</type><name>Caption</name><description/><data><placeholder/><repetitive>0</repetitive><conditional_display><custom_use>0</custom_use><relation>AND</relation><custom/></conditional_display><disabled_by_type>0</disabled_by_type></data><meta_key>wpcf-caption</meta_key><meta_type>postmeta</meta_type><__types_id>caption</__types_id><__types_title>Caption</__types_title><hash>c83c68d0a0ce6b9bfbe2c383d5f0521a</hash><checksum>c83c68d0a0ce6b9bfbe2c383d5f0521a</checksum></field><field><description/><data><repetitive>0</repetitive><validate><url><active>1</active><message>Please enter a valid URL address</message></url></validate><conditional_display><custom_use>0</custom_use><relation>AND</relation><custom/></conditional_display><disabled_by_type>0</disabled_by_type></data><id>url</id><name>URL</name><type>url</type><slug>url</slug><meta_key>wpcf-url</meta_key><meta_type>postmeta</meta_type><__types_id>url</__types_id><__types_title>URL</__types_title><hash>13773ad6fe8458adb94aa9d3273781b4</hash><checksum>13773ad6fe8458adb94aa9d3273781b4</checksum></field><field><description><div style=\"margin-top:-3px; color: #aaa;\">Button icon can be chosen from <a href=\"http://fortawesome.github.io/Font-Awesome/icons/\">this list</a>, for example fa-pencil</div></description><data><conditional_display><custom_use>0</custom_use><relation>AND</relation><custom/></conditional_display><disabled_by_type>0</disabled_by_type></data><id>icon</id><name>Icon</name><type>textfield</type><slug>icon</slug><meta_key>wpcf-icon</meta_key><meta_type>postmeta</meta_type><__types_id>icon</__types_id><__types_title>Icon</__types_title><hash>bd8df46e06a84737333aacceadc75944</hash><checksum>bd8df46e06a84737333aacceadc75944</checksum></field><field><id>background-color</id><slug>background-color</slug><type>colorpicker</type><name>Background Color</name><description/><data><placeholder/><repetitive>0</repetitive><conditional_display><custom_use>0</custom_use><relation>AND</relation><custom/></conditional_display><disabled_by_type>0</disabled_by_type></data><meta_key>wpcf-background-color</meta_key><meta_type>postmeta</meta_type><__types_id>background-color</__types_id><__types_title>Background Color</__types_title><hash>301bfc7d0eb689d7049be4f5ae1bfdca</hash><checksum>301bfc7d0eb689d7049be4f5ae1bfdca</checksum></field><field><id>background-texture</id><slug>background-texture</slug><type>checkbox</type><name>Background Texture</name><description><div style=\"margin-top:-3px; color: #aaa;\">(Optional) Add transparent texture over background image</div></description><data><set_value>1</set_value><save_empty>no</save_empty><display>db</display><display_value_not_selected/><display_value_selected/><conditional_display><custom_use>0</custom_use><relation>AND</relation><custom/></conditional_display><disabled_by_type>0</disabled_by_type></data><meta_key>wpcf-background-texture</meta_key><meta_type>postmeta</meta_type><__types_id>background-texture</__types_id><__types_title>Background Texture</__types_title><hash>1a27451d15accb24bb81f7966bb67e84</hash><checksum>1a27451d15accb24bb81f7966bb67e84</checksum></field><field><id>caption-background</id><slug>caption-background</slug><type>checkbox</type><name>Caption Background</name><description><div style=\"margin-top:-3px; color: #aaa;\">(Optional) Add transparent background behind text</div></description><data><set_value>1</set_value><save_empty>no</save_empty><display>db</display><display_value_not_selected/><display_value_selected/><conditional_display><custom_use>0</custom_use><relation>AND</relation><custom/></conditional_display><disabled_by_type>0</disabled_by_type></data><meta_key>wpcf-caption-background</meta_key><meta_type>postmeta</meta_type><__types_id>caption-background</__types_id><__types_title>Caption Background</__types_title><hash>e4c57f6cfd418af8e68265297a87096e</hash><checksum>e4c57f6cfd418af8e68265297a87096e</checksum></field><field><id>text-horizontal</id><slug>text-horizontal</slug><type>select</type><name>Text Horizontal Alignment</name><description/><data><options><wpcf-fields-select-option-6155cdfca144a4ba25c1389def5c5885-1><title>Left</title><value>left</value></wpcf-fields-select-option-6155cdfca144a4ba25c1389def5c5885-1><wpcf-fields-select-option-9658fefba6c63ed8bda9064c486da5ec-1><title>Center</title><value>center</value></wpcf-fields-select-option-9658fefba6c63ed8bda9064c486da5ec-1><default>wpcf-fields-select-option-9658fefba6c63ed8bda9064c486da5ec-1</default><wpcf-fields-select-option-0d759a00da25cb4a9ac469865d4fa224-1><title>Right</title><value>right</value></wpcf-fields-select-option-0d759a00da25cb4a9ac469865d4fa224-1></options><conditional_display><custom_use>0</custom_use><relation>AND</relation><custom/></conditional_display><disabled_by_type>0</disabled_by_type></data><meta_key>wpcf-text-horizontal</meta_key><meta_type>postmeta</meta_type><__types_id>text-horizontal</__types_id><__types_title>Text Horizontal Alignment</__types_title><hash>ff3b96a99c8b16335c56a72dc924921e</hash><checksum>ff3b96a99c8b16335c56a72dc924921e</checksum></field><field><id>background-shadow</id><slug>background-shadow</slug><type>checkbox</type><name>Background Shadow</name><description><div style=\"margin-top:-3px; color: #aaa;\">(Optional) Add slide inner shadow</div></description><data><set_value>1</set_value><save_empty>no</save_empty><display>db</display><display_value_not_selected/><display_value_selected/><conditional_display><custom_use>0</custom_use><relation>AND</relation><custom/></conditional_display><disabled_by_type>0</disabled_by_type></data><meta_key>wpcf-background-shadow</meta_key><meta_type>postmeta</meta_type><__types_id>background-shadow</__types_id><__types_title>Background Shadow</__types_title><hash>9709c1f71caff47cd9782d9f9e906659</hash><checksum>9709c1f71caff47cd9782d9f9e906659</checksum></field><field><id>text-vertical</id><slug>text-vertical</slug><type>select</type><name>Text Vertical Alignment</name><description/><data><options><wpcf-fields-select-option-7430b5fdaffa6c8bfd16e45defa88768-1><title>Top</title><value>top</value></wpcf-fields-select-option-7430b5fdaffa6c8bfd16e45defa88768-1><wpcf-fields-select-option-0ccad3c89f444c1eb8951008771b3e35-1><title>Middle</title><value>middle</value></wpcf-fields-select-option-0ccad3c89f444c1eb8951008771b3e35-1><default>wpcf-fields-select-option-0ccad3c89f444c1eb8951008771b3e35-1</default></options><conditional_display><custom_use>0</custom_use><relation>AND</relation><custom/></conditional_display><disabled_by_type>0</disabled_by_type></data><meta_key>wpcf-text-vertical</meta_key><meta_type>postmeta</meta_type><__types_id>text-vertical</__types_id><__types_title>Text Vertical Alignment</__types_title><hash>92ef1d2db303787344970a6411f4e73c</hash><checksum>92ef1d2db303787344970a6411f4e73c</checksum></field><field><id>button-name</id><slug>button-name</slug><type>textfield</type><name>Name</name><description/><data><placeholder/><repetitive>0</repetitive><conditional_display><custom_use>0</custom_use><relation>AND</relation><custom/></conditional_display><disabled_by_type>0</disabled_by_type></data><meta_key>wpcf-button-name</meta_key><meta_type>postmeta</meta_type><__types_id>button-name</__types_id><__types_title>Name</__types_title><hash>3033282a02b220ef057b1c54b3cc638b</hash><checksum>3033282a02b220ef057b1c54b3cc638b</checksum></field><field><id>button-url</id><slug>button-url</slug><type>url</type><name>URL</name><description/><data><placeholder/><repetitive>0</repetitive><validate><url><active>1</active><message>Please enter a valid URL address</message></url></validate><conditional_display><custom_use>0</custom_use><relation>AND</relation><custom/></conditional_display><disabled_by_type>0</disabled_by_type></data><meta_key>wpcf-button-url</meta_key><meta_type>postmeta</meta_type><__types_id>button-url</__types_id><__types_title>URL</__types_title><hash>3a1a4420d7b820ab005dca1c04ff520e</hash><checksum>3a1a4420d7b820ab005dca1c04ff520e</checksum></field><field><id>button-icon</id><slug>button-icon</slug><type>textfield</type><name>Icon</name><description><div style=\'margin-top:-3px; color: #aaa;\'>Button icon can be chosen from <a href=\'http://fortawesome.github.io/Font-Awesome/icons/\'>this list</a>, for example fa-pencil</div></description><data><placeholder/><repetitive>0</repetitive><conditional_display><custom_use>0</custom_use><relation>AND</relation><custom/></conditional_display><disabled_by_type>0</disabled_by_type></data><meta_key>wpcf-button-icon</meta_key><meta_type>postmeta</meta_type><__types_id>button-icon</__types_id><__types_title>Icon</__types_title><hash>7c27953875dd19a903c09e8e42b0dfd7</hash><checksum>7c27953875dd19a903c09e8e42b0dfd7</checksum></field><field><id>subtitle</id><slug>subtitle</slug><type>textfield</type><name>Subtitle</name><description/><data><placeholder/><repetitive>0</repetitive><conditional_display><custom_use>0</custom_use><relation>AND</relation><custom/></conditional_display><disabled_by_type>0</disabled_by_type></data><meta_key>wpcf-subtitle</meta_key><meta_type>postmeta</meta_type><__types_id>subtitle</__types_id><__types_title>Subtitle</__types_title><hash>820d56282f5bad27b6be3d5e02bd73cf</hash><checksum>820d56282f5bad27b6be3d5e02bd73cf</checksum></field><field><id>title-layout</id><slug>title-layout</slug><type>select</type><name>Title Style</name><description><div style=\"margin-top:-3px; color: #aaa;\">Choose title bar size / layout</div></description><data><options><wpcf-fields-select-option-cbbfdd967a21627c0614bffb3bbb527d-1><title>Small</title><value>small</value></wpcf-fields-select-option-cbbfdd967a21627c0614bffb3bbb527d-1><wpcf-fields-select-option-e5120a07b839b58665085c43b118eff5-1><title>Normal</title><value>normal</value></wpcf-fields-select-option-e5120a07b839b58665085c43b118eff5-1><default>wpcf-fields-select-option-e5120a07b839b58665085c43b118eff5-1</default><wpcf-fields-select-option-cc3b93baf141ae26cfd874532fa2f711-1><title>Large</title><value>large</value></wpcf-fields-select-option-cc3b93baf141ae26cfd874532fa2f711-1><wpcf-fields-select-option-8a9dadf7dabc0eda90ac7275a21b6a22-1><title>None</title><value>none</value></wpcf-fields-select-option-8a9dadf7dabc0eda90ac7275a21b6a22-1></options><conditional_display><custom_use>0</custom_use><relation>AND</relation><custom/></conditional_display><disabled_by_type>0</disabled_by_type></data><meta_key>wpcf-title-layout</meta_key><meta_type>postmeta</meta_type><__types_id>title-layout</__types_id><__types_title>Title Style</__types_title><hash>e962c4aaa68ce8f929581452ee0f9e82</hash><checksum>e962c4aaa68ce8f929581452ee0f9e82</checksum></field><field><id>title-color</id><slug>title-color</slug><type>colorpicker</type><name>Title Color</name><description/><data><placeholder/><repetitive>0</repetitive><conditional_display><custom_use>0</custom_use><relation>AND</relation><custom/></conditional_display><disabled_by_type>0</disabled_by_type></data><meta_key>wpcf-title-color</meta_key><meta_type>postmeta</meta_type><__types_id>title-color</__types_id><__types_title>Title Color</__types_title><hash>aeae01270e93b52b8f24b4ec6bb36cda</hash><checksum>aeae01270e93b52b8f24b4ec6bb36cda</checksum></field><field><id>page-padding</id><slug>page-padding</slug><type>select</type><name>Page Padding</name><description/><data><options><wpcf-fields-select-option-d73555bd8046c39b470d8761f46bfaf5-1><title>Small</title><value>small</value></wpcf-fields-select-option-d73555bd8046c39b470d8761f46bfaf5-1><wpcf-fields-select-option-c489af1c91258b51f93f4ea0911c9c32-1><title>Normal</title><value>normal</value></wpcf-fields-select-option-c489af1c91258b51f93f4ea0911c9c32-1><default>wpcf-fields-select-option-c489af1c91258b51f93f4ea0911c9c32-1</default><wpcf-fields-select-option-da26e98a4383bf5ea82aee93b1761189-1><title>Large</title><value>large</value></wpcf-fields-select-option-da26e98a4383bf5ea82aee93b1761189-1></options><conditional_display><custom_use>0</custom_use><relation>AND</relation><custom/></conditional_display><disabled_by_type>0</disabled_by_type></data><meta_key>wpcf-page-padding</meta_key><meta_type>postmeta</meta_type><__types_id>page-padding</__types_id><__types_title>Page Padding</__types_title><hash>a05442dcc9794d1fe5d5b25bf16c64cf</hash><checksum>a05442dcc9794d1fe5d5b25bf16c64cf</checksum></field><field><id>comments</id><slug>comments</slug><type>checkbox</type><name>Comments</name><description><div style=\"margin-top:-3px; color: #aaa;\">(Optional) Enable comments on this page</div></description><data><set_value>1</set_value><save_empty>no</save_empty><display>db</display><display_value_not_selected/><display_value_selected/><conditional_display><custom_use>0</custom_use><relation>AND</relation><custom/></conditional_display><disabled_by_type>0</disabled_by_type></data><meta_key>wpcf-comments</meta_key><meta_type>postmeta</meta_type><__types_id>comments</__types_id><__types_title>Comments</__types_title><hash>0daa291cd306f99836c902f4821a703b</hash><checksum>0daa291cd306f99836c902f4821a703b</checksum></field><field><id>read-more</id><slug>read-more</slug><type>checkbox</type><name>Read More</name><description><div style=\"margin-top:-3px; color: #aaa;\">(Optional) Enable read more button on home page</div></description><data><set_value>1</set_value><save_empty>no</save_empty><display>db</display><display_value_not_selected/><display_value_selected/><conditional_display><custom_use>0</custom_use><relation>AND</relation><custom/></conditional_display><disabled_by_type>0</disabled_by_type></data><meta_key>wpcf-read-more</meta_key><meta_type>postmeta</meta_type><__types_id>read-more</__types_id><__types_title>Read More</__types_title><hash>d30fbcd84a886d49eacb4059ed968774</hash><checksum>d30fbcd84a886d49eacb4059ed968774</checksum></field><field><description/><data><options><wpcf-fields-select-option-221d5f0b2b071f30ac6a1bdb1c83af94-1><title>Light</title><value>light</value></wpcf-fields-select-option-221d5f0b2b071f30ac6a1bdb1c83af94-1><default>wpcf-fields-select-option-221d5f0b2b071f30ac6a1bdb1c83af94-1</default><wpcf-fields-select-option-c2557551f182ab8855f9e6a45fad1938-1><title>Dark</title><value>dark</value></wpcf-fields-select-option-c2557551f182ab8855f9e6a45fad1938-1></options><conditional_display><custom_use>0</custom_use><relation>AND</relation><custom/></conditional_display><disabled_by_type>0</disabled_by_type></data><id>button-tone</id><name>Tone</name><type>select</type><slug>button-tone</slug><meta_key>wpcf-button-tone</meta_key><meta_type>postmeta</meta_type><__types_id>button-tone</__types_id><__types_title>Tone</__types_title><hash>a182df8c58ee7c0af9cef5d53a8f3feb</hash><checksum>a182df8c58ee7c0af9cef5d53a8f3feb</checksum></field><field><id>google-maps-url</id><slug>google-maps-url</slug><type>url</type><name>Bottom Image URL</name><description/><data><placeholder/><repetitive>0</repetitive><validate><url><active>1</active><message>Please enter a valid URL address</message></url></validate><conditional_display><custom_use>0</custom_use><relation>AND</relation><custom/></conditional_display><disabled_by_type>0</disabled_by_type></data><meta_key>wpcf-google-maps-url</meta_key><meta_type>postmeta</meta_type><__types_id>google-maps-url</__types_id><__types_title>Bottom Image URL</__types_title><hash>4422a6f97143323f200e5bf6c3ff5ccb</hash><checksum>4422a6f97143323f200e5bf6c3ff5ccb</checksum></field><field><id>google-maps-height</id><slug>google-maps-height</slug><type>select</type><name>Bottom Image Height</name><description/><data><options><wpcf-fields-select-option-c731d1d4d5b8aa3015c48101324f62db-1><title>Extra small</title><value>extrasmall</value></wpcf-fields-select-option-c731d1d4d5b8aa3015c48101324f62db-1><wpcf-fields-select-option-30a8c035a345e40bbe7b365e6cad14fc-1><title>Small</title><value>small</value></wpcf-fields-select-option-30a8c035a345e40bbe7b365e6cad14fc-1><wpcf-fields-select-option-1df5d77b09f972e401512b09e03101ab-1><title>Normal</title><value>normal</value></wpcf-fields-select-option-1df5d77b09f972e401512b09e03101ab-1><default>wpcf-fields-select-option-1df5d77b09f972e401512b09e03101ab-1</default><wpcf-fields-select-option-26a7a4f6d500deba7065aab573d73025-1><title>Large</title><value>large</value></wpcf-fields-select-option-26a7a4f6d500deba7065aab573d73025-1><wpcf-fields-select-option-ead0af066c70d7a2cda4a454aa2dd856-1><title>Extra large</title><value>extralarge</value></wpcf-fields-select-option-ead0af066c70d7a2cda4a454aa2dd856-1></options><validate><required><active>1</active><value>true</value><message>This field is required</message></required></validate><conditional_display><custom_use>0</custom_use><relation>AND</relation><custom/></conditional_display><disabled_by_type>0</disabled_by_type></data><meta_key>wpcf-google-maps-height</meta_key><meta_type>postmeta</meta_type><__types_id>google-maps-height</__types_id><__types_title>Bottom Image Height</__types_title><hash>763de706f96d346b30fbb1842d9bb6b1</hash><checksum>763de706f96d346b30fbb1842d9bb6b1</checksum></field><field><description/><data><set_value>1</set_value><save_empty>no</save_empty><display>db</display><display_value_not_selected/><display_value_selected/><conditional_display><custom_use>0</custom_use><relation>AND</relation><custom/></conditional_display><disabled_by_type>0</disabled_by_type></data><id>social-links</id><name>Social links</name><type>checkbox</type><slug>social-links</slug><meta_key>wpcf-social-links</meta_key><meta_type>postmeta</meta_type><__types_id>social-links</__types_id><__types_title>Social links</__types_title><hash>b88921b358d3df37496839d65b81bbe0</hash><checksum>b88921b358d3df37496839d65b81bbe0</checksum></field><field><description/><data><repetitive>1</repetitive><conditional_display><custom_use>0</custom_use><relation>AND</relation><custom/></conditional_display><disabled_by_type>0</disabled_by_type></data><id>image</id><name>Image</name><type>image</type><slug>image</slug><meta_key>wpcf-image</meta_key><meta_type>postmeta</meta_type><__types_id>image</__types_id><__types_title>Image</__types_title><hash>2d45f800dc7ac21afaf79e95f4a92b65</hash><checksum>2d45f800dc7ac21afaf79e95f4a92b65</checksum></field><field><id>google-maps-image</id><slug>google-maps-image</slug><type>image</type><name>Bottom Image</name><description/><data><placeholder/><repetitive>0</repetitive><conditional_display><custom_use>0</custom_use><relation>AND</relation><custom/></conditional_display><disabled_by_type>0</disabled_by_type></data><meta_key>wpcf-google-maps-image</meta_key><meta_type>postmeta</meta_type><__types_id>google-maps-image</__types_id><__types_title>Bottom Image</__types_title><hash>eb867682425f010b1278c9a3c9df629c</hash><checksum>eb867682425f010b1278c9a3c9df629c</checksum></field><field><id>button-url2</id><slug>button-url2</slug><type>url</type><name>URL</name><description/><data><placeholder/><validate><url><active>1</active><message>Please enter a valid URL address</message></url></validate><conditional_display><custom_use>0</custom_use><relation>AND</relation><custom/></conditional_display><disabled_by_type>0</disabled_by_type></data><meta_key>wpcf-button-url2</meta_key><meta_type>postmeta</meta_type><__types_id>button-url2</__types_id><__types_title>URL</__types_title><hash>b3797b90aca04161c43556da9736350e</hash><checksum>b3797b90aca04161c43556da9736350e</checksum></field><field><id>button-icon2</id><slug>button-icon2</slug><type>textfield</type><name>Icon</name><description><div style=\"margin-top:-3px; color: #aaa;\">Button icon can be chosen from <a href=\"http://fortawesome.github.io/Font-Awesome/icons/\">this list</a>, for example fa-pencil</div></description><data><placeholder/><conditional_display><custom_use>0</custom_use><relation>AND</relation><custom/></conditional_display><disabled_by_type>0</disabled_by_type></data><meta_key>wpcf-button-icon2</meta_key><meta_type>postmeta</meta_type><__types_id>button-icon2</__types_id><__types_title>Icon</__types_title><hash>bcf7762947597e065e98d5919527485f</hash><checksum>bcf7762947597e065e98d5919527485f</checksum></field><field><id>button-name2</id><slug>button-name2</slug><type>textfield</type><name>Name</name><description/><data><placeholder/><conditional_display><custom_use>0</custom_use><relation>AND</relation><custom/></conditional_display><disabled_by_type>0</disabled_by_type></data><meta_key>wpcf-button-name2</meta_key><meta_type>postmeta</meta_type><__types_id>button-name2</__types_id><__types_title>Name</__types_title><hash>0b604284fbe13de418ad6117b47ecc1b</hash><checksum>0b604284fbe13de418ad6117b47ecc1b</checksum></field><field><description/><data><repetitive>0</repetitive><conditional_display><custom_use>0</custom_use><relation>AND</relation><custom/></conditional_display><disabled_by_type>0</disabled_by_type></data><id>quote-image</id><name>Quote image</name><type>image</type><slug>quote-image</slug><meta_key>wpcf-quote-image</meta_key><meta_type>postmeta</meta_type><__types_id>quote-image</__types_id><__types_title>Quote image</__types_title><hash>f5fd066c2e4915604cf3557dab9807ee</hash><checksum>f5fd066c2e4915604cf3557dab9807ee</checksum></field><field><description/><data><repetitive>0</repetitive><conditional_display><custom_use>0</custom_use><relation>AND</relation><custom/></conditional_display><disabled_by_type>0</disabled_by_type></data><id>quote</id><name>Quote</name><type>textarea</type><slug>quote</slug><meta_key>wpcf-quote</meta_key><meta_type>postmeta</meta_type><__types_id>quote</__types_id><__types_title>Quote</__types_title><hash>b52c6b407ed8ca4e57b5459f1d10c40c</hash><checksum>b52c6b407ed8ca4e57b5459f1d10c40c</checksum></field><field><description/><data><repetitive>0</repetitive><conditional_display><custom_use>0</custom_use><relation>AND</relation><custom/></conditional_display><disabled_by_type>0</disabled_by_type></data><id>author-description</id><name>Author Description</name><type>textfield</type><slug>author-description</slug><meta_key>wpcf-author-description</meta_key><meta_type>postmeta</meta_type><__types_id>author-description</__types_id><__types_title>Author Description</__types_title><hash>20bb36f44c8304de53f18b43ece60545</hash><checksum>20bb36f44c8304de53f18b43ece60545</checksum></field><field><id>background-image-parallax</id><slug>background-image-parallax</slug><type>checkbox</type><name>Background Image Parallax Effect</name><description/><data><set_value>1</set_value><save_empty>no</save_empty><display>db</display><display_value_not_selected/><display_value_selected/><conditional_display><custom_use>0</custom_use><relation>AND</relation><custom/></conditional_display><disabled_by_type>0</disabled_by_type></data><meta_key>wpcf-background-image-parallax</meta_key><meta_type>postmeta</meta_type><__types_id>background-image-parallax</__types_id><__types_title>Background Image Parallax Effect</__types_title><hash>0951000be2b5bfeb24f474751a2c2c89</hash><checksum>0951000be2b5bfeb24f474751a2c2c89</checksum></field><field><id>caption2</id><slug>caption2</slug><type>textarea</type><name>Second Caption</name><description/><data><placeholder/><repetitive>0</repetitive><conditional_display><custom_use>0</custom_use><relation>AND</relation><custom/></conditional_display><disabled_by_type>0</disabled_by_type></data><meta_key>wpcf-caption2</meta_key><meta_type>postmeta</meta_type><__types_id>caption2</__types_id><__types_title>Second Caption</__types_title><hash>a9cd4f4288dfb22e4cc1e823c98c741f</hash><checksum>a9cd4f4288dfb22e4cc1e823c98c741f</checksum></field></fields><types><type><__types_id>slider</__types_id><__types_title>Slider</__types_title><wpcf-post-type>slider</wpcf-post-type><labels><name>Slider</name><singular_name>Slide</singular_name><add_new>Add Slide</add_new><add_new_item>Add New Slide</add_new_item><edit_item>Edit Slide</edit_item><new_item>New Slide</new_item><view_item>View Slide</view_item><search_items>Search Slide</search_items><not_found>No Slide found</not_found><not_found_in_trash>No Slide found in Trash</not_found_in_trash><parent_item_colon>Parent text</parent_item_colon><all_items>All Slides</all_items></labels><slug>slider</slug><description/><icon>format-video</icon><public>public</public><menu_position/><menu_icon/><supports><title>1</title></supports><rewrite><enabled>1</enabled><custom>normal</custom><slug/><with_front>1</with_front><feeds>1</feeds><pages>1</pages></rewrite><has_archive>1</has_archive><show_in_menu>1</show_in_menu><show_in_menu_page/><show_ui>1</show_ui><publicly_queryable>1</publicly_queryable><can_export>1</can_export><show_in_nav_menus>1</show_in_nav_menus><query_var_enabled>1</query_var_enabled><query_var/><permalink_epmask>EP_PERMALINK</permalink_epmask><id>slider</id><hash>86701f194029092bcb35c4d35485600e</hash><checksum>86701f194029092bcb35c4d35485600e</checksum><taxonomies><slider-group>1</slider-group></taxonomies></type><type><__types_id>services</__types_id><__types_title>Services</__types_title><wpcf-post-type>services</wpcf-post-type><labels><name>Services</name><singular_name>Service</singular_name><add_new>Add New</add_new><add_new_item>Add New Service</add_new_item><edit_item>Edit Service</edit_item><new_item>New Service</new_item><view_item>View Service</view_item><search_items>Search Services</search_items><not_found>No %s found</not_found><not_found_in_trash>No %s found in Trash</not_found_in_trash><parent_item_colon>Parent text</parent_item_colon><all_items>All Services</all_items></labels><slug>services</slug><description/><icon>clipboard</icon><public>public</public><menu_position/><menu_icon/><supports><title>1</title><editor>1</editor></supports><rewrite><enabled>1</enabled><custom>normal</custom><slug/><with_front>1</with_front><feeds>1</feeds><pages>1</pages></rewrite><has_archive>1</has_archive><show_in_menu>1</show_in_menu><show_in_menu_page/><show_ui>1</show_ui><publicly_queryable>1</publicly_queryable><can_export>1</can_export><show_in_nav_menus>1</show_in_nav_menus><query_var_enabled>1</query_var_enabled><query_var/><permalink_epmask>EP_PERMALINK</permalink_epmask><id>services</id><hash>7c8c7d7747a56f51a37e07ad1bd3b04a</hash><checksum>7c8c7d7747a56f51a37e07ad1bd3b04a</checksum><taxonomies><services-group>1</services-group></taxonomies></type><type><__types_id>partners</__types_id><__types_title>Partners</__types_title><wpcf-post-type>partners</wpcf-post-type><labels><name>Partners</name><singular_name>Partner</singular_name><add_new>Add New</add_new><add_new_item>Add New %s</add_new_item><edit_item>Edit %s</edit_item><new_item>New %s</new_item><view_item>View %s</view_item><search_items>Search %s</search_items><not_found>No %s found</not_found><not_found_in_trash>No %s found in Trash</not_found_in_trash><parent_item_colon>Parent text</parent_item_colon><all_items>All items</all_items></labels><slug>partners</slug><description/><icon>groups</icon><public>public</public><menu_position/><menu_icon/><supports><title>1</title></supports><rewrite><enabled>1</enabled><custom>normal</custom><slug/><with_front>1</with_front><feeds>1</feeds><pages>1</pages></rewrite><has_archive>1</has_archive><show_in_menu>1</show_in_menu><show_in_menu_page/><show_ui>1</show_ui><publicly_queryable>1</publicly_queryable><can_export>1</can_export><show_in_nav_menus>1</show_in_nav_menus><query_var_enabled>1</query_var_enabled><query_var/><permalink_epmask>EP_PERMALINK</permalink_epmask><id>partners</id><hash>e627c43855ba207af84be516bc2c9f7b</hash><checksum>e627c43855ba207af84be516bc2c9f7b</checksum><taxonomies><partner-group>1</partner-group></taxonomies></type><type><__types_id>portfolio-item</__types_id><__types_title>Portfolio</__types_title><wpcf-post-type>portfolio-item</wpcf-post-type><labels><name>Portfolio</name><ignore>on</ignore><singular_name>Portfolio</singular_name><add_new>Add New</add_new><add_new_item>Add New %s</add_new_item><edit_item>Edit %s</edit_item><new_item>New %s</new_item><view_item>View %s</view_item><search_items>Search %s</search_items><not_found>No %s found</not_found><not_found_in_trash>No %s found in Trash</not_found_in_trash><parent_item_colon>Parent text</parent_item_colon><all_items>All items</all_items></labels><slug>portfolio-item</slug><description/><icon>media-interactive</icon><public>public</public><menu_position/><menu_icon/><taxonomies><category>1</category><porfolio-group>1</porfolio-group></taxonomies><supports><title>1</title></supports><rewrite><enabled>1</enabled><custom>normal</custom><slug/><with_front>1</with_front><feeds>1</feeds><pages>1</pages></rewrite><has_archive>1</has_archive><show_in_menu>1</show_in_menu><show_in_menu_page/><show_ui>1</show_ui><publicly_queryable>1</publicly_queryable><can_export>1</can_export><show_in_nav_menus>1</show_in_nav_menus><query_var_enabled>1</query_var_enabled><query_var/><permalink_epmask>EP_PERMALINK</permalink_epmask><id>portfolio-item</id><hash>36618c4eb4d27c5162ac75b30221c612</hash><checksum>36618c4eb4d27c5162ac75b30221c612</checksum></type><type><labels><name>Testimonials</name><singular_name>Testimonial</singular_name><add_new>Add New</add_new><add_new_item>Add New %s</add_new_item><edit_item>Edit %s</edit_item><new_item>New %s</new_item><view_item>View %s</view_item><search_items>Search %s</search_items><not_found>No %s found</not_found><not_found_in_trash>No %s found in Trash</not_found_in_trash><parent_item_colon>Parent text</parent_item_colon><all_items>All items</all_items></labels><slug>testimonials</slug><description/><icon>businessman</icon><public>public</public><menu_position/><menu_icon/><supports><title>1</title></supports><rewrite><enabled>1</enabled><custom>normal</custom><slug/><with_front>1</with_front><feeds>1</feeds><pages>1</pages></rewrite><has_archive>1</has_archive><show_in_menu>1</show_in_menu><show_in_menu_page/><show_ui>1</show_ui><publicly_queryable>1</publicly_queryable><can_export>1</can_export><show_in_nav_menus>1</show_in_nav_menus><query_var_enabled>1</query_var_enabled><query_var/><permalink_epmask>EP_PERMALINK</permalink_epmask><wpcf-post-type/><taxonomies><testimonials-group>1</testimonials-group></taxonomies><id>testimonials</id><__types_id>testimonials</__types_id><__types_title>Testimonials</__types_title><hash>dcad6da8120b7a963003fc476789c2e4</hash><checksum>dcad6da8120b7a963003fc476789c2e4</checksum></type></types><taxonomies><taxonomy><wpcf-tax>services-group</wpcf-tax><labels><name>Group</name><singular_name>Group</singular_name><search_items>Search %s</search_items><popular_items>Popular %s</popular_items><all_items>All %s</all_items><parent_item>Parent %s</parent_item><parent_item_colon>Parent %s:</parent_item_colon><edit_item>Edit %s</edit_item><update_item>Update %s</update_item><add_new_item>Add New %s</add_new_item><new_item_name>New %s Name</new_item_name><separate_items_with_commas>Separate %s with commas</separate_items_with_commas><add_or_remove_items>Add or remove %s</add_or_remove_items><choose_from_most_used>Choose from the most used %s</choose_from_most_used><menu_name>%s</menu_name></labels><slug>services-group</slug><description/><public>public</public><supports><__types_cpt_supports_services>1</__types_cpt_supports_services></supports><hierarchical>hierarchical</hierarchical><rewrite><enabled>1</enabled><slug/><with_front>1</with_front><hierarchical>1</hierarchical></rewrite><show_ui>1</show_ui><show_in_nav_menus>1</show_in_nav_menus><show_tagcloud>1</show_tagcloud><query_var_enabled>1</query_var_enabled><query_var/><update_count_callback/><id>services-group</id><__types_id>services-group</__types_id><__types_title>Group</__types_title><checksum>dc2207bb60f13e9206438178b0014da8</checksum></taxonomy><taxonomy><wpcf-tax>slider-group</wpcf-tax><labels><name>Group</name><singular_name>Group</singular_name><search_items>Search %s</search_items><popular_items>Popular %s</popular_items><all_items>All %s</all_items><parent_item>Parent %s</parent_item><parent_item_colon>Parent %s:</parent_item_colon><edit_item>Edit %s</edit_item><update_item>Update %s</update_item><add_new_item>Add New %s</add_new_item><new_item_name>New %s Name</new_item_name><separate_items_with_commas>Separate %s with commas</separate_items_with_commas><add_or_remove_items>Add or remove %s</add_or_remove_items><choose_from_most_used>Choose from the most used %s</choose_from_most_used><menu_name>%s</menu_name></labels><slug>slider-group</slug><description/><public>public</public><supports><__types_cpt_supports_slider>1</__types_cpt_supports_slider></supports><hierarchical>hierarchical</hierarchical><rewrite><enabled>1</enabled><slug/><with_front>1</with_front><hierarchical>1</hierarchical></rewrite><show_ui>1</show_ui><show_in_nav_menus>1</show_in_nav_menus><show_tagcloud>1</show_tagcloud><query_var_enabled>1</query_var_enabled><query_var/><update_count_callback/><id>slider-group</id><__types_id>slider-group</__types_id><__types_title>Group</__types_title><checksum>4da94089b42c8c3b826bd69ee92a4b25</checksum></taxonomy><taxonomy><wpcf-tax>partner-group</wpcf-tax><labels><name>Group</name><singular_name>Group</singular_name><search_items>Search %s</search_items><popular_items>Popular %s</popular_items><all_items>All %s</all_items><parent_item>Parent %s</parent_item><parent_item_colon>Parent %s:</parent_item_colon><edit_item>Edit %s</edit_item><update_item>Update %s</update_item><add_new_item>Add New %s</add_new_item><new_item_name>New %s Name</new_item_name><separate_items_with_commas>Separate %s with commas</separate_items_with_commas><add_or_remove_items>Add or remove %s</add_or_remove_items><choose_from_most_used>Choose from the most used %s</choose_from_most_used><menu_name>%s</menu_name></labels><slug>partner-group</slug><description/><public>public</public><supports><__types_cpt_supports_partners>1</__types_cpt_supports_partners></supports><hierarchical>hierarchical</hierarchical><rewrite><enabled>1</enabled><slug/><with_front>1</with_front><hierarchical>1</hierarchical></rewrite><show_ui>1</show_ui><show_in_nav_menus>1</show_in_nav_menus><show_tagcloud>1</show_tagcloud><query_var_enabled>1</query_var_enabled><query_var/><update_count_callback/><id>partner-group</id><__types_id>partner-group</__types_id><__types_title>Group</__types_title><checksum>d6450cae3fd2c2893b35cd6693adcdaf</checksum></taxonomy><taxonomy><wpcf-tax>porfolio-group</wpcf-tax><labels><name>Group</name><singular_name>Group</singular_name><search_items>Search %s</search_items><popular_items>Popular %s</popular_items><all_items>All %s</all_items><parent_item>Parent %s</parent_item><parent_item_colon>Parent %s:</parent_item_colon><edit_item>Edit %s</edit_item><update_item>Update %s</update_item><add_new_item>Add New %s</add_new_item><new_item_name>New %s Name</new_item_name><separate_items_with_commas>Separate %s with commas</separate_items_with_commas><add_or_remove_items>Add or remove %s</add_or_remove_items><choose_from_most_used>Choose from the most used %s</choose_from_most_used><menu_name>%s</menu_name></labels><slug>porfolio-group</slug><description/><public>public</public><supports><__types_cpt_supports_portfolio-item>1</__types_cpt_supports_portfolio-item></supports><hierarchical>hierarchical</hierarchical><rewrite><enabled>1</enabled><slug/><with_front>1</with_front><hierarchical>1</hierarchical></rewrite><show_ui>1</show_ui><show_in_nav_menus>1</show_in_nav_menus><show_tagcloud>1</show_tagcloud><query_var_enabled>1</query_var_enabled><query_var/><update_count_callback/><id>porfolio-group</id><__types_id>porfolio-group</__types_id><__types_title>Group</__types_title><checksum>7987dbbca31fa269151c9a02b502c5be</checksum></taxonomy><taxonomy><labels><name>Group</name><singular_name>Group</singular_name><search_items>Search %s</search_items><popular_items>Popular %s</popular_items><all_items>All %s</all_items><parent_item>Parent %s</parent_item><parent_item_colon>Parent %s:</parent_item_colon><edit_item>Edit %s</edit_item><update_item>Update %s</update_item><add_new_item>Add New %s</add_new_item><new_item_name>New %s Name</new_item_name><separate_items_with_commas>Separate %s with commas</separate_items_with_commas><add_or_remove_items>Add or remove %s</add_or_remove_items><choose_from_most_used>Choose from the most used %s</choose_from_most_used><menu_name>%s</menu_name></labels><slug>testimonials-group</slug><description/><public>public</public><supports><__types_cpt_supports_testimonials>1</__types_cpt_supports_testimonials></supports><hierarchical>hierarchical</hierarchical><rewrite><enabled>1</enabled><slug/><with_front>1</with_front><hierarchical>1</hierarchical></rewrite><show_ui>1</show_ui><show_in_nav_menus>1</show_in_nav_menus><show_tagcloud>1</show_tagcloud><query_var_enabled>1</query_var_enabled><query_var/><update_count_callback/><id>testimonials-group</id><__types_id>testimonials-group</__types_id><__types_title>Group</__types_title><checksum>0a3727c99c1e3a33ac852a6872536812</checksum></taxonomy></taxonomies></types>